<?xml version="1.0" encoding="UTF-8"?>
<project-private xmlns="http://www.netbeans.org/ns/project-private/1">
    <editor-bookmarks xmlns="http://www.netbeans.org/ns/editor-bookmarks/2" lastBookmarkId="0"/>
    <open-files xmlns="http://www.netbeans.org/ns/projectui-open-files/2">
        <group>
            <file>file:/C:/Users/tariq/Downloads/customer-management-system-main/customer-management-system-main/Bank_Manager/src/bank_manager/Bank_Manager.java</file>
            <file>file:/C:/Users/tariq/Downloads/customer-management-system-main/customer-management-system-main/Bank_Manager/src/bank_manager/LoginController.java</file>
            <file>file:/C:/Users/tariq/Downloads/customer-management-system-main/customer-management-system-main/Bank_Manager/src/bank_manager/User.java</file>
            <file>file:/C:/Users/tariq/Downloads/customer-management-system-main/customer-management-system-main/Bank_Manager/src/bank_manager/MainController.java</file>
            <file>file:/C:/Users/tariq/Downloads/customer-management-system-main/customer-management-system-main/Bank_Manager/src/bank_manager/FXMLDocumentController.java</file>
            <file>file:/C:/Users/tariq/Downloads/customer-management-system-main/customer-management-system-main/Bank_Manager/src/bank_manager/Database.java</file>
            <file>file:/C:/Users/tariq/Downloads/customer-management-system-main/customer-management-system-main/Bank_Manager/src/bank_manager/Login.fxml</file>
        </group>
    </open-files>
</project-private>
